Metric,Ridge,BERT
Quadratic Weighted Kappa (QWK),0.9239766716103476,0.9867103102470263
Pearson Correlation,0.7327435561239773,0.8344850540161133
R² Score,0.5369025940414718,0.6766014099121094
Mean Absolute Error (MAE),0.1262152398244838,0.10129907727241516
Root Mean Squared Error (RMSE),0.16287244396942774,0.13559692486661443
